track,frame_idx,instance.score,nose.x,nose.y,nose.score,left_ear.x,left_ear.y,left_ear.score,right_ear.x,right_ear.y,right_ear.score,neck.x,neck.y,neck.score,center.x,center.y,center.score,left_flank.x,left_flank.y,left_flank.score,right_flank.x,right_flank.y,right_flank.score,tail_base.x,tail_base.y,tail_base.score,tail_center.x,tail_center.y,tail_center.score,tail_tip.x,tail_tip.y,tail_tip.score
,0,6.849904537,,,0,699.9863892,256.013092,0.795654058,697.9813232,291.9996033,0.824620843,679.9883423,273.9909058,0.816125929,607.991272,290.0043945,0.979946673,617.9959106,325.9885559,0.530609071,596.027771,250.0129089,0.705312192,556.010437,315.9896851,0.934275985,493.9882507,341.9867554,0.606808841,363.9887085,367.996521,0.595891476
,1,6.931063175,,,0,699.9899292,256.0113525,0.796341419,697.9898071,292.0150146,0.82245487,679.9923706,273.9942322,0.810573518,607.9905396,290.0045471,0.982283294,616.0167847,327.9961243,0.531036794,596.0196533,250.0065918,0.691519499,556.0037842,315.9940491,0.940483749,493.9776917,339.9868774,0.644697428,421.9859009,480.0202637,0.652517974
,2,6.833654881,,,0,699.9901123,256.0101318,0.795162499,697.9925537,292.0207825,0.816901803,679.9916382,273.9978333,0.811922848,607.9846191,290.0082397,0.982690752,611.9883423,331.9740295,0.486449182,596.0137939,250.0020142,0.686780274,556.0007935,315.9968872,0.947982073,493.9981384,340.0201111,0.620442927,421.9972229,480.0006104,0.626020551
,3,6.835953712,,,0,699.9902344,256.0097046,0.794949234,697.9962158,292.0250549,0.813158154,679.991272,274.0007629,0.81260246,607.9790649,290.0112,0.982688189,609.9971924,333.9255981,0.480987132,596.0067749,250.000412,0.678064108,555.9976196,315.9997864,0.951592267,493.9979858,340.0219727,0.620622814,421.9967041,480.0169067,0.643692076
,4,6.847547054,,,0,699.9881592,256.0114441,0.792407811,697.9981689,292.0276489,0.808909237,679.9872437,274.0048828,0.813346028,606.032959,290.0177002,0.979894042,608.0234985,333.9464111,0.472654134,596.0032349,250.0140381,0.695081413,555.9957275,316.0050354,0.958282471,493.9782715,341.9867554,0.613172233,421.9833069,481.9770203,0.658075333
,5,6.742022038,,,0,698.0026855,257.9749146,0.7812289,697.9768066,292.0227356,0.774302661,678.0061035,274.0231934,0.819509089,606.0160522,290.0210571,0.985474169,606.0546875,333.984314,0.468327612,595.9986572,249.9983826,0.599530399,555.9759521,316.0097351,0.965575159,493.9718933,341.9837036,0.618553042,421.9839172,481.9769897,0.656274378
,6,6.706557751,,,0,696.0115967,257.9898987,0.7685408,696.0045776,293.9818726,0.735146046,677.9904785,275.9716187,0.816556156,606.0158691,290.021637,0.988782346,605.9828491,334.0238037,0.472191036,627.9740601,327.9687195,0.619837165,555.9834595,316.0162659,0.949115038,493.9713135,341.9798889,0.620948851,421.9845276,481.9750671,0.652856469
,7,6.608066559,,,0,693.9996948,257.9968872,0.776462972,691.9906006,297.9916687,0.681530416,673.9971924,275.9909973,0.816234946,605.9821167,291.9837952,0.98059833,605.8815308,335.9998779,0.47787115,624.067627,329.9649048,0.572224677,555.9594116,316.0214844,0.96045959,491.9930725,341.9825745,0.621607602,421.9949951,480.0266724,0.648681998
,8,7.179320812,,,0,691.9832764,256.0169678,0.869253635,686.0011597,292.019165,0.878260195,668.0073853,274.0270996,0.927608013,605.9651489,291.9693909,0.989360571,605.9944458,249.9814606,0.502220809,624.0560913,329.9496765,0.595906079,554.0189209,317.9772034,0.956845701,491.9986572,341.9906921,0.623562694,421.9974976,480.0236511,0.643292964
,9,7.062629223,722.041748,274.0448608,0.219800815,697.9883423,256.0115967,0.693514526,676.0130615,300.0099487,0.889840186,667.9945068,275.9874878,0.781437755,603.9946899,290.0031128,1.000116706,604.020752,247.9755402,0.476587862,620.0093994,329.9744568,0.686133921,551.9906616,316.0066528,0.997072458,484.0440063,341.9796143,0.671289682,421.9953308,480.0269775,0.646835864
,10,7.934239388,712.0006714,264.0067444,0.466414273,671.9812012,252.0119781,0.901023388,671.9935303,299.991394,1.009979963,655.9776001,275.9891357,0.960423052,600.0211792,289.9802856,0.971683264,594.1199341,244.0792389,0.480639964,569.9978027,252.0338135,0.743123531,548.0332642,316.0136108,1.050673962,484.0057373,341.9729004,0.696943343,421.9859924,481.9767456,0.653334379
,11,7.971187592,711.9898071,264.019989,0.540322244,666.038147,254.0164185,0.91833812,670.0169067,301.982666,1.031756639,652.0083008,277.9766235,1.000845075,598.0206909,289.9729614,0.953632772,593.9848633,242.1016998,0.45460996,613.9737549,330.0093384,0.718512237,547.9594727,318.0062561,1.036995411,483.9911499,343.97995,0.675495267,422.0027771,480.0238647,0.640679896
,12,7.815676689,708.0007324,265.993103,0.504383445,662.0196533,255.9801025,0.960516334,667.9917603,301.993866,0.982209742,648.0049438,279.982605,0.958406389,596.0256958,290.0115051,0.939680994,596.1345215,338.0061951,0.438486814,612.0643311,331.9489746,0.691684186,546.0049438,319.9723511,1.037807822,481.9942322,343.9964905,0.673640907,422.0033875,480.0194397,0.628859937
,13,8.163306236,704.0106812,265.9817505,0.610168695,656.0019531,251.9770355,0.939401925,666.0029907,301.9841919,0.954907596,645.9764404,278.0181885,0.973021448,593.9936523,292.0019226,0.957774043,600.0411377,339.9501648,0.571749747,566.0307617,255.9537201,0.714324594,545.9598999,321.9804993,1.05822289,481.9865417,347.992157,0.712680817,421.9788208,481.9786377,0.671054482
,14,8.16751194,702.0077515,263.9901123,0.622810423,651.9962158,249.9694824,0.9366799,663.9849854,299.9944153,0.95562458,641.9966431,276.0187073,0.969226122,591.9737549,294.0011902,0.970864654,606.0083008,335.9744873,0.735889316,573.9413452,252.0407562,0.567246318,543.9675903,323.9808044,1.035665154,481.9913635,351.9895935,0.702721894,389.9783936,387.9787292,0.670783341
,15,7.517918587,696.0054932,252.0010681,0.763032556,648.0342407,272.021698,0.252448678,639.9795532,247.9792938,0.950986862,636.0257568,276.0159607,0.927251756,586.0299683,295.993927,0.968545914,605.99646,335.9918213,0.790669739,570.0092773,252.047699,0.423341542,539.975647,324.0295105,1.00562036,479.9814758,355.9953308,0.75175339,421.9718933,481.9918213,0.684267461
,16,7.680193901,696.0073853,242.0071869,0.950435579,644.0049438,267.9507446,0.214960948,630.00177,245.9748535,0.968797088,633.9894409,275.9711914,0.929540217,581.991394,298.0361328,0.981661558,603.9696045,339.9946899,0.85309118,573.9577026,267.9840088,0.282664955,536.0070801,329.9732666,1.028556347,479.9936218,361.9826965,0.780575693,421.9707336,481.9960632,0.689910114
,17,7.688822269,685.9784546,228.0077972,0.864673197,616.173584,228.0206909,0.396160901,622.0210571,245.9746704,0.892162383,627.9901123,272.0072632,0.875028849,579.996521,301.9969482,0.966919065,604.0048828,340.0029602,0.885162354,544.0245361,285.9910889,0.244320512,535.9898071,334.0078125,1.038345575,481.9490967,369.9978333,0.809758961,421.9961548,410.0106201,0.716290355
,18,8.140675545,673.9848633,221.9848938,0.805891097,651.975708,275.9777222,0.551669061,612.005127,242.0024261,0.987988234,621.9874878,269.979248,0.866903841,577.9980469,304.0139465,0.91361469,607.9797974,341.9715576,0.879085898,537.9998169,285.9578552,0.629088461,536.0237427,340.0421143,0.992252052,488.0392151,377.9912109,0.826724529,420.0282593,483.9900513,0.68745774
,19,8.103837967,661.9769897,214.0088654,0.687542319,639.9933472,269.9857788,0.952043056,603.9837036,234.0245056,1.02495575,614.0026245,263.9836426,0.93113625,577.9824219,304.0317993,0.920780241,608.0090332,339.9687805,0.841922939,530.0546265,289.965271,0.338616103,536.0175171,344.0179138,1.026648879,484.054657,386.0343018,0.818445325,418.0281982,491.9877319,0.561746716
,20,8.177734375,639.9926758,196.0232391,0.718772531,638.0053101,263.9966736,0.95256412,596.0280762,230.0086975,0.912547231,609.9974365,257.9873047,0.903623521,577.9786987,303.9763184,0.910254061,611.9813843,335.9749146,0.826139688,531.9592285,287.9439087,0.531555772,536.0205078,342.0444336,0.994660079,482.0238647,387.9676819,0.819740593,419.9934692,488.020874,0.607876837
,21,8.305892944,645.9742432,198.0213776,0.64902693,636.0321045,260.0081787,1.037212253,595.9619751,226.0472717,0.76624912,608.0036011,253.9941559,0.926665723,578.0195313,302.0038147,0.916813731,615.9897461,333.9461975,0.818753779,535.9595337,285.967865,0.798115134,537.9898071,343.998291,0.970656633,484.0162659,384.0391846,0.817798615,419.9866028,489.97995,0.604600966
,22,8.55666256,635.982605,192.0087891,0.704601705,634.0296631,256.0147705,1.079218745,584.0178223,226.0217896,0.778881133,603.9932251,253.9802704,0.947141409,579.994873,302.0147705,0.897436202,618.0075684,331.9616394,0.831603765,538.0147095,285.9919739,0.938382804,541.9825439,346.0288696,0.904884279,493.9708557,389.9903564,0.874099314,418.040741,488.0032043,0.60041374
,23,8.519001007,632.0013428,191.9715576,0.5764153,631.9772339,255.9753876,1.009860635,578.0157471,231.9860382,0.992467046,600.0025635,251.9780426,0.95491755,579.9876709,303.9952698,0.871183813,621.9680786,329.9904175,0.840771139,537.9828491,289.9710388,0.966423929,544.0344238,349.9815979,0.92448467,494.0266724,399.9923706,0.744714856,414.0123901,489.9761047,0.637762249
,24,8.39764595,621.9967651,189.9723969,0.430195004,627.9807739,254.0371857,0.938986003,574.0105591,231.994812,1.015515447,594.012207,251.9897461,0.918415844,579.9980469,303.9966736,0.880001307,622.0099487,328.0238342,0.854670525,537.9727783,290.000885,0.976281941,546.0169067,348.0210876,0.930207372,505.9759216,391.9825745,0.772728324,411.9804688,488.0048523,0.680643141
,25,8.171517372,613.9778442,187.9510956,0.36101824,621.9978638,255.9923401,0.926041901,568.0376587,228.0347137,0.818744421,589.99646,248.0176239,0.98951745,579.9858398,304.008667,0.877422988,621.999939,327.9858093,0.836436331,537.9633789,290.0215759,0.997362614,547.9356079,348.0124512,0.912107944,505.9719849,391.9819946,0.777904093,415.9804077,489.9918518,0.674961209
,26,8.337442398,635.9663696,196.0075989,0.500123084,620.0144043,256.0331421,0.993076146,570.0529175,226.0243225,0.857114315,590.0073853,247.9893951,0.96450001,579.9916382,304.0143738,0.871285439,622.0092773,327.989624,0.810662627,536.0071411,291.9686279,0.967085898,547.9384155,348.0142517,0.921443343,505.9870605,391.9824219,0.785569966,415.9885559,490.0052795,0.666581511
,27,7.948289871,637.9749756,197.9884338,0.615485609,623.9857178,256.0149231,0.681240618,573.9785767,226.0155182,0.819741189,592.0015259,248.0050659,0.936788261,579.9951172,305.9901123,0.872939467,619.9976196,327.9847107,0.74076736,536.0067749,291.9832764,0.945657134,546.0288086,347.9755859,0.899076343,505.9933777,390.0159607,0.772444785,416.0039978,489.9918213,0.664149046
,28,7.676685333,645.9990845,200.0288544,0.624033988,633.9581909,260.0243835,0.430281371,575.9638062,227.9999695,0.903846979,597.9987183,249.985733,0.920779884,580.0087891,306.0123596,0.869459987,615.9992676,328.0007324,0.722149849,535.9771118,292.0015259,0.928496778,546.0189209,346.0261841,0.890686214,503.9924927,391.9714355,0.74987787,416.0144958,490.0033569,0.637072742
,29,7.771322727,642.0280151,202.0220337,0.629818082,633.9720459,266.0177612,0.654425085,574.0100708,235.9770966,0.932382584,599.9868164,257.9793701,0.982833624,578.0043945,308.0271606,0.768020272,612.022644,330.0047302,0.73058188,532.0464478,292.0274963,0.753983796,545.991333,346.0505676,0.888377607,505.9930115,392.0011292,0.793639541,416.0178528,491.9955444,0.637260497
,30,7.987514496,648.0093994,207.9785767,0.520785153,631.9779053,269.9732361,0.789639235,571.9939575,239.961319,1.037976742,592.0268555,256.0193481,0.991770446,578.0007935,310.019043,0.808543146,611.9918823,330.0404358,0.767887235,532.0792847,295.9667358,0.849425077,544.0454712,348.0329285,0.885130644,501.9933167,393.9957275,0.770225465,417.9565735,493.9805603,0.566131771
,31,8.224879265,645.9917603,207.9582977,0.560452163,631.9609985,270.0153198,0.834603548,571.9811401,241.9969177,1.066811085,594.0090332,257.9866943,1.019678354,577.9744263,311.9970093,0.908539474,604.0066528,334.0169678,0.807363033,532.0671387,295.9709167,0.779616296,545.9924927,348.0056458,0.906057179,502.0152893,392.0180969,0.76120019,417.973114,492.0063477,0.580558062
,32,7.836095333,646.0306396,210.0092316,0.622942626,634.0393677,270.03302,0.566889286,570.0195313,246.0281067,1.020135164,592.0177002,264.0048218,0.987797678,575.9800415,312.0298462,0.897999704,601.9934692,334.0226135,0.799954653,533.9946899,295.9717102,0.762360513,544.0489502,348.0029602,0.872882128,502.0051575,392.0085754,0.754685044,417.9532471,493.9824524,0.550448418
,33,7.588342667,652.0230713,211.9867859,0.52350378,632.0036621,276.0304871,0.521034956,568.0424194,245.9980621,1.047801375,592.0050049,264.0090942,1.011605501,573.9736938,313.9856262,0.869282842,597.9804077,335.9881287,0.767949164,532.0010986,294.0046387,0.708167732,544.0210571,348.0151367,0.848514855,502.0044861,392.0140381,0.752898514,416.0260315,493.9804382,0.537583709
,34,7.548854828,656.0038452,211.9847412,0.460752934,632.0015259,278.0216064,0.50023675,569.9671021,245.9915009,1.073786974,592.0171509,264.0141907,1.097290277,572.0077515,313.9676819,0.840007246,596.0038452,336.0001221,0.752843082,531.9921875,293.9606018,0.698876619,544.0061646,348.0177917,0.829548359,502.006958,392.0080872,0.757994115,416.0278931,492.0280457,0.537518024
,35,7.520107269,656.0122681,211.9874115,0.458086371,632.0029907,278.0193176,0.498479396,569.9672852,245.99263,1.07091105,592.0182495,264.0141907,1.093325138,572.0108643,313.9641724,0.841502845,596.0056152,335.9992065,0.75196588,531.97229,293.9510193,0.685257912,544.0100708,348.0159302,0.829529166,502.0091248,392.0069275,0.7578125,416.0263367,493.9793091,0.533236802
,36,7.511293411,655.9911499,208.0135193,0.460534751,628.0302124,213.9776001,0.699454308,565.9691162,249.971344,1.09301281,590.0122681,266.0148315,1.130944371,569.9855347,313.9639893,0.723922014,593.9682617,337.9448853,0.673777103,531.9630737,293.9709167,0.63605994,543.9581299,348.0429077,0.776916265,501.9989929,392.006134,0.769515932,416.0302734,492.0187073,0.547155917
,37,7.337773323,655.9526978,207.9976501,0.514738202,628.0268555,214.0477295,0.742021501,563.9901123,249.9646149,1.085377097,589.9924316,266.0023804,1.137434959,568.0266113,312.0036316,0.642640114,591.9954224,337.9916687,0.612314582,530.0328369,293.9971619,0.565459788,543.9517212,349.9954224,0.709443212,502.0211182,392.0256042,0.781094253,416.0341187,492.0205688,0.547249794
,38,6.804806232,651.9661255,218.007019,0.523979366,625.9551392,222.0189362,0.65382576,561.9995117,254.0061188,1.03533721,592.0119019,268.0165405,1.04767096,568.0543213,312.0031738,0.531993926,589.9706421,338.036499,0.527536631,543.9726563,286.0112305,0.506917715,542.0307617,349.9875488,0.661987484,501.9900208,393.9953918,0.775548995,417.9551086,493.9844055,0.540007949
,39,7.257145405,656.0320435,213.9919434,0.553582072,623.973999,286.0162659,0.731253147,565.9661255,252.0084839,1.065615296,595.9748535,266.0028076,1.09790206,570.0062256,312.0285645,0.605712473,591.9631348,339.8958435,0.557280898,539.9708252,288.0397644,0.599462211,543.9884033,349.9998474,0.71621877,500.0129089,396.0019226,0.77917701,417.9581909,493.9766541,0.55094111
,40,7.40266943,664.0405884,218.0109863,0.576357901,638.005188,213.9866791,0.63036412,569.9654541,250.0083923,1.075270176,596.0072021,266.0245361,1.065795183,570.0496216,313.9737549,0.696649075,593.9901733,338.0145874,0.648114324,532.0429688,291.9954529,0.595049322,545.9188232,350.0325012,0.788533807,501.9830017,395.9873962,0.75639683,417.9634399,493.9787903,0.570138812
,41,7.384258747,667.9990845,220.0016937,0.626322746,635.9745483,279.9257813,0.425059229,572.0004883,250.0070343,1.082509398,596.0083008,269.9898987,1.023695827,572.0216675,313.9913025,0.770619869,596.0098877,337.9427185,0.734295487,532.0192261,291.9583435,0.577770174,545.9525146,350.0298767,0.816781342,501.9803162,395.992981,0.758193076,417.9644775,493.9757996,0.569011867
,42,7.745459557,665.9821167,212.032486,0.595309734,636.0023804,282.0108948,0.620912492,575.9787598,246.036087,1.123965025,601.986084,268.0084229,1.030717492,575.9858398,313.9833069,0.857931793,600.0020752,335.9794617,0.77091229,531.9700317,290.0201416,0.542893171,546.0202637,350.0096741,0.869423151,501.980072,395.994812,0.758217871,417.9656677,492.0202942,0.57517606
,43,7.739858627,665.9847412,212.0335236,0.595533073,636.0032349,282.0116577,0.616971731,575.9788818,246.0352478,1.124717355,601.9859009,268.0089417,1.030166388,575.9868164,313.9844666,0.857886136,600.0029297,335.9799194,0.772214115,531.9691772,290.0238953,0.541965604,546.0187988,350.0126953,0.870343685,501.980011,395.9958191,0.760384619,417.9620667,492.0195313,0.569675744
,44,7.938357353,654.0216064,208.0140991,0.574396133,636.0305786,271.9855042,0.759171784,578.0109253,239.9833527,1.11853385,602.0100098,262.0038757,1.022397876,577.9996338,312.0147705,0.887965322,603.984314,334.0227661,0.737757683,531.9742432,290.0079041,0.600465298,547.9602661,350.0158386,0.910669088,501.9772949,396.0004883,0.760586619,416.0318909,492.016449,0.566413701
,45,8.102847099,649.9544067,201.9819183,0.515813351,632.0183716,270.0295105,0.926010787,578.0056763,237.9882355,1.091122746,603.9960327,258.0067444,1.048323989,579.9857788,311.9707947,0.891287088,603.9949341,334.0248718,0.73609376,532.0702515,290.0115356,0.642712772,547.9818115,350.0046082,0.908230305,498.0439453,398.0115662,0.778914988,416.0322571,492.0244751,0.564337552
,46,8.005890846,649.9747314,199.9955444,0.485684425,636.041626,267.9952393,0.82315743,577.961853,236.0218964,1.067734957,602.0179443,256.008667,1.094999552,581.9821167,309.9865112,0.881877482,607.9852295,332.0187988,0.752978325,534.0223389,288.0068054,0.617479026,548.0219116,349.9816895,0.926324487,498.032959,398.0082092,0.790023923,417.9648438,493.9746094,0.565632224
,47,7.623739243,655.9859009,203.894455,0.477158785,639.940918,265.9920349,0.595840752,573.9815063,235.978302,1.019808173,598.0139771,256.0022583,1.068511844,580.0194702,309.973877,0.870158732,605.9786377,332.0124817,0.744576216,535.9736938,286.030426,0.562210739,548.048584,349.9614868,0.927825689,498.048584,398.0119324,0.786987782,416.0379944,492.0187073,0.57066077
,48,7.520362377,649.9993896,203.9546814,0.446659327,636.0580444,264.0295715,0.646558166,570.0130615,236,0.975018799,596.0045776,252.0132599,1.054828525,580.0111084,308.0278015,0.849268794,604.0087891,332.0103149,0.716248393,534.0309448,286.0507507,0.544471562,549.9906006,348.0293579,0.92995435,500.024292,396.0214233,0.780515492,417.9668579,492.016571,0.576838434
,49,7.499276638,650.0140991,205.9818726,0.403675795,635.9438477,266.0297546,0.649888277,567.9909058,237.9899902,0.984357238,594.0097656,252.0057526,1.090600848,580.0206909,308.0240784,0.835289598,605.9591675,331.9489746,0.724169552,535.9667358,286.0459595,0.50824368,550.0113525,348.0065613,0.952391446,501.9778137,395.9872742,0.773595333,417.9656067,492.0185242,0.577064693
,50,7.456165314,650.008728,210.0319366,0.399021715,632.0332031,268.0379028,0.716873527,564.0267944,240.0090942,0.978788435,594.0103149,249.9975128,1.115207672,580.0161743,309.9930725,0.784654677,604.0053711,332.0116272,0.683982432,534.0285034,286.0422363,0.476548582,550.0072632,348.0128174,0.950994432,501.9803467,395.9929504,0.771236479,417.9668884,492.0195007,0.578857362
,51,7.451244831,650.0142822,209.9923553,0.480256349,624.0246582,272.0255432,0.867184222,563.9689331,240.031662,0.951419592,593.9970093,250.0117493,1.098825932,580.0004272,311.9857788,0.740240574,600.0040894,335.9846802,0.638379693,532.0700073,288.012146,0.419865251,550.0221558,349.9632874,0.939404905,501.9934692,398.0002747,0.727092803,417.9684753,492.0090027,0.5885759
,52,7.167799473,651.9037476,208.0355988,0.305694431,620.0244141,277.9833069,0.824336946,560.0266724,244.0346832,0.969377935,590.0115356,256.0046692,1.039047837,576.0239868,313.9987183,0.701113224,597.993103,337.9943237,0.642227292,532.0707397,292.0288696,0.529189765,548.0372925,351.9684753,0.850333154,501.9981384,398.0205688,0.73698777,417.9653625,492.004425,0.569491506
,53,6.788352966,585.9656982,210.026062,0.208052993,613.9857178,286.0041504,0.927811086,556.0084839,253.9892426,0.972955644,583.9921875,266.0018921,1.001997709,572.0278931,316.0159607,0.590299606,594.0214233,340.0435181,0.56008172,531.9650269,295.959259,0.471079528,545.9853516,352.0612488,0.746679068,501.9972534,398.0252686,0.730667472,417.9656677,491.9970093,0.578728139
,54,6.161209583,,,0,608.0014648,291.995575,0.929121912,550.0300903,258.0257568,1.06818223,574.0275879,273.9910278,0.913382947,570.0328369,316.0203552,0.500014365,582.0147095,343.9943848,0.393564433,526.0515747,300.0119629,0.276960015,541.9910889,356.0108948,0.618833303,498.0389099,402.0059509,0.733547211,417.9676514,492.0022888,0.571029067
,55,6.111114979,,,0,606.0206909,297.9967651,0.926513314,548.024353,264.0308533,1.078264594,574.0241089,276.006897,0.967433691,572.0036011,319.9708862,0.482499242,580.0227051,346.0057983,0.379333615,548.0094604,304.0576782,0.242967218,539.9456787,358.0175781,0.564766228,498.0306091,402.0113525,0.73180443,417.9667969,492.0053406,0.571101367
,56,6.159264088,642.0744629,232.0382843,0.211742938,606.0112305,300.0297546,0.929043651,547.9584961,268.0410767,1.084667921,574.0158691,278.0072327,0.967040598,572.0170288,321.9694214,0.436394483,590.1234131,205.9856415,0.385625958,548.0393677,307.9571228,0.234637648,536.0454102,360.0057678,0.601051211,498.0217285,402.0112915,0.734892428,417.9684143,492.0018616,0.574167252
,57,6.08666563,,,0,604.0251465,305.994873,0.946392894,543.9939575,278.0321655,1.056585789,576.0097046,283.999939,1.008906722,574.0181885,324.0062561,0.348177701,586.0661621,342.0180969,0.408643395,548.0097656,309.966217,0.259655237,536.0062256,360.0028076,0.582416892,498.0133667,402.0015564,0.729510605,417.9701843,491.9984131,0.579122066
,58,6.193076134,629.9219971,251.9921722,0.356288791,608.0075684,303.9500427,0.734421492,543.958313,289.9997864,0.990415156,576.0154419,293.9915466,0.939624667,574.0356445,331.9841614,0.38119483,590.0375366,347.988678,0.6357373,549.9458008,311.9367065,0.205592796,536.0285034,360.0127258,0.657389522,498.020752,402.0284119,0.736261547,416.0231323,491.9938049,0.556150675
,59,6.837224483,563.9662476,227.9768524,0.426540494,595.9613647,292.0357666,0.440507561,545.9801636,291.9909363,0.981862187,581.9659424,294.0006714,0.924866676,573.9943848,332.014801,0.76867038,593.965271,349.999939,0.672000408,546.0484009,315.9900513,0.423703909,535.9880981,360.0322266,0.889763653,493.9979858,407.9994507,0.730004191,400.0244751,464.0134277,0.579305291
,60,8.192378044,551.9592896,221.9874268,0.720372498,602.0358887,277.9918518,0.927033424,545.9853516,291.9972534,1.001896381,578.0008545,291.9820251,0.993846834,577.9764404,331.9684143,0.876007497,605.9706421,347.993866,0.78513968,540.0044556,319.961731,0.569804966,535.9969482,364.0215454,0.973713636,491.9943848,411.9850769,0.744034946,401.9767456,464.0055542,0.600529015
,61,8.531929016,537.9683228,221.9781799,0.720187604,594.0022583,265.9825439,0.923557281,544.0101318,288.00177,1.059115171,573.9781494,282.0154114,0.938241482,579.9887695,328.0127869,0.8725667,624.0059204,332.0167542,0.830092967,534.0316772,318.0333252,0.833677471,536.0461426,368.0203857,0.944390535,493.9843445,411.978363,0.756459951,397.9976196,463.9697876,0.653640091
,62,8.479277611,519.993042,219.9954681,0.919320762,569.9932251,240.0386505,0.595865428,539.9920654,279.9950867,1.051135182,568.020813,276.0048218,0.921276808,577.9771729,325.9878235,0.799613595,626.006897,324.0074158,0.848389447,532.046814,317.9773254,0.943905294,541.9750366,369.997467,0.987168193,494.0245972,411.9741516,0.780505836,398.0047607,462.0185547,0.632097423
,63,8.994267464,501.9834595,219.9937592,0.989785492,559.9813232,233.998291,0.999845624,526.0187988,269.9992371,0.944689453,558.0032959,260.0078125,0.903962672,578.0182495,318.0119934,0.840886056,627.9570923,320.0018921,0.903029501,532.0194092,317.9920349,1.030032754,545.9781494,369.9852295,0.992769539,497.9714355,410.0020752,0.768466294,397.9607544,461.9956665,0.620799661
,64,8.876056671,488.0169678,216.0027771,0.920381784,548.0205078,225.9641724,1.028030753,520.0024414,263.996582,0.951263428,549.9990845,252.0170441,0.83706516,576.0028076,314.0000916,0.835950017,623.9985962,317.9959106,0.895587623,531.9746704,314.0141907,1.056333899,548.0377808,367.9789429,0.998645186,498.0097656,409.9962463,0.748844326,397.9711609,461.9810791,0.603954196
,65,8.906165123,475.9833069,222.0214233,1.025032163,534.0125732,219.9889374,0.979868233,508.0258179,257.9868164,1.018220782,538.0147095,246.0046082,0.88708353,574.0031738,308.0006714,0.799707174,617.9978027,313.9960632,0.827948272,528.0184937,307.9697266,1.063668728,550.03302,363.9973755,1.031706929,501.9754639,406.0274048,0.727419853,398.0303955,460.026062,0.545509517
,66,8.925099373,458.0183411,216.014389,0.890045285,515.9934692,213.9846802,1.074875474,495.9982605,254.0034027,1.01089406,521.9848022,238.0158234,0.889824152,571.9974365,300.0178833,0.803503692,617.9439087,305.9919739,0.853796959,528.0045776,303.9910583,1.024977326,554.0200806,360.0090332,1.099432349,503.9970703,405.9551697,0.705407917,417.9737244,493.9716492,0.572342217
,67,7.849459171,438.008606,206.0168762,0.801496267,496.0070801,207.9975128,1.013388753,473.9611816,249.9907074,1.09650898,499.9840088,234.0092621,0.877427578,562.0148315,285.986969,0.773278832,594.0911255,265.9216919,0.228242695,523.9866333,295.9901123,0.875996351,563.9692993,353.9839783,0.972988904,525.9492798,393.9907837,0.596230924,417.9839478,491.9816284,0.613899708
,68,7.941344261,404.03302,207.999939,0.858494043,466.0026855,200.0095367,0.905145347,452.0033875,243.9812775,1.002022624,475.9927673,227.9805756,0.853733897,546.0168457,272.0186768,0.780620933,576.0043335,241.989624,0.548362613,513.9963989,290.0039368,0.819293737,563.9721069,341.9975586,0.844808638,535.9810181,384.0111389,0.63511157,418.0076599,486.0090332,0.693750322
,69,7.743956089,379.9770508,207.967453,1.021234274,435.9945679,190.0631104,0.593732119,425.9866028,242.0311584,0.994572341,451.9960632,223.9785614,0.693633676,532.0233765,262.0054321,0.809535801,547.9720459,218.0240021,0.480589211,498.0196533,281.9784546,0.914793193,556.0205078,327.9697266,0.921165466,535.9938965,369.9927063,0.612615466,418.0014648,487.9905701,0.702084184
,70,8.057024956,350.0066528,208.0199127,1.012143731,405.9916077,187.9195404,0.858539522,395.9581909,236.0220642,0.974351287,415.9743042,217.9964905,0.911701143,507.9966736,253.981308,0.717385471,534.0193481,228.0265656,0.54294312,481.9658813,277.9714661,0.800412416,538.0164795,311.9915466,0.998355508,529.9942017,360.0012207,0.516403079,418.0154114,487.9930115,0.724789917
,71,7.622646809,327.9824524,203.9914703,1.008453488,384.0366516,182.0469055,0.660235882,369.9712219,231.9887543,1.106386662,387.9833984,211.9992065,1.087857723,475.9865417,242.0337524,0.724068165,478.0221863,203.9712372,0.410428286,448.0276794,280.0203857,0.612355709,517.9915771,294.0024719,0.539139688,518.0386353,347.9556274,0.699273586,419.9848022,484.0084534,0.774447441
,72,7.853793144,314.0196838,197.9807892,0.947307885,367.9506226,176.0086517,0.695505202,352.041748,227.9958649,1.08062768,371.9745789,210.0037842,1.099077463,444.0045166,239.9776001,0.892248213,477.9636841,209.965744,0.636826396,425.9685974,278.03302,0.637039483,493.9846802,275.9732056,0.476749063,517.9951172,341.9770203,0.608191788,419.9921875,483.9838562,0.780219436
,73,8.067047119,300.0053406,192.0171509,0.7960217,355.9552307,180.0170288,0.963264644,339.9922485,229.9724731,0.708648086,357.965332,207.9877014,1.109148622,428.015686,232.0401154,0.917863131,472.0072327,208.0095673,0.701206386,401.9839783,271.9806213,0.633533657,483.9850464,270.037262,0.933870494,519.9675903,347.9993896,0.52501148,419.9916382,483.9856567,0.778478742
,74,8.066967964,285.9740906,185.9914551,0.935196817,345.9951782,177.9963074,1.050821424,330.0282593,222.0139923,0.783197165,351.969696,205.9805908,1.053699493,423.9890747,231.9975891,0.891474068,462.0298767,201.9877167,0.712308586,393.9906616,274.0096741,0.59708643,476.0056152,269.9693909,0.861863017,520.0592041,354.022644,0.40083307,420.0090637,482.013855,0.780488253
,75,7.873561859,278.023407,185.9579468,0.95949024,340.0208435,176.0205536,1.062971354,324.033783,222.0059967,0.962652266,345.9880066,205.9991913,1.015046954,418.0021973,231.9951172,0.832234621,452.0385437,192.0678253,0.34915024,390.0383606,270.0325012,0.633790672,464.0348511,265.9846497,0.614131391,517.944519,347.9997253,0.667082667,420.0121155,482.0128479,0.777010798
,76,8.18051815,265.9962769,182.0077667,0.867403388,334.0254211,176.0137634,1.108901381,311.9729614,218.0234528,1.037892103,337.9867859,205.9799805,0.957212329,409.9981689,234.0017395,0.833253145,372.0620117,265.9182434,0.541759074,438.0341797,213.9450836,0.565771401,463.9812012,265.9783936,0.773833632,494.0212708,309.9916382,0.729344249,420.0157471,482.0097961,0.765147567
,77,7.929161549,254.0062408,178.0196381,0.832046688,326.0565796,171.9922791,0.910842597,301.9454651,217.9940491,0.75703001,327.9971313,202.0022278,0.891214252,404.0057373,229.9767761,0.763515651,379.9908447,267.9667969,0.772598326,422.002655,197.988205,0.573250711,458.0464478,257.978241,0.880355954,493.9715271,307.9818726,0.777437568,420.0172424,482.012146,0.770869732
,78,7.79339838,252.0086823,180.0063019,0.963865817,312.0545044,153.9259796,0.364266008,311.9802551,167.9620972,1.001170278,316.0253601,193.9971924,0.881966054,394.0048218,222.023941,0.808580756,377.9932556,263.9745178,0.83463794,398.0025024,189.9997864,0.466387451,453.9656067,244.0431213,0.91601789,492.0021667,283.9676514,0.787821233,420.0177917,482.0131531,0.768685341
,79,7.702525139,244.0454712,173.9868927,0.858153522,290.0187073,208.0414581,0.738192976,303.9977417,161.9661255,1.027161479,308.0193176,185.9868317,0.907391608,387.9952087,214.0242767,0.769012213,369.9969482,257.9995422,0.618528545,388.0340271,165.9970856,0.483973145,447.9638062,234.0127106,0.917715669,493.9511414,267.9894104,0.614582956,420.0184937,482.0140381,0.767812669
,80,7.31319809,240.0147095,163.9778595,0.908607662,288.1203918,139.9641266,0.340429187,278.0309143,197.975235,1.074371457,300.0027161,178.0220184,0.984889388,387.9880066,206.0202942,0.748331249,358.0157776,241.961731,0.595234454,383.9988708,157.9565277,0.372965604,443.9870605,226.0069427,0.938635588,541.9574585,310.0052185,0.587682366,420.0205078,482.0127563,0.762051344
,81,7.490082741,231.9717102,157.9853363,0.899713695,255.9662018,188.0011292,0.797223091,278.0307617,144.0072784,0.834500909,285.9952393,167.979248,0.957812428,376.0163574,194.0111389,0.728999317,332.0187683,219.9974365,0.476380259,379.9970398,152.0367279,0.592573822,432.0036621,216.0182953,0.83134222,541.9671631,304.0240173,0.606982291,420.0200806,482.0157166,0.764554739
,82,7.549638748,231.9731445,157.9880676,0.909334779,254.0102692,187.9895172,0.746303797,278.0082092,144.014801,0.82026422,285.9920959,167.977829,0.957657754,375.9998779,194.0264587,0.755315423,338.012146,222.0019379,0.524562478,381.9951782,154.0218658,0.631248832,432.0031433,216.0187073,0.833061576,540.0564575,304.0078735,0.607352018,420.0200195,482.0157776,0.764537692
,83,7.744244099,217.9947205,154.0137939,0.8439188,255.9802399,180.0093231,0.744755447,262.0028687,136.0187073,0.891758382,268.0332642,159.967865,1.04690218,359.9850464,187.9596252,0.752487063,358.0561218,237.9548035,0.578480184,371.967804,157.9879913,0.49343738,420.0067749,208.0368652,1.079565883,474.0465088,243.969696,0.545523047,420.0193481,482.0162964,0.767415345
,84,8.153439522,210.0009613,154.0274963,0.883603334,235.9859009,175.9983673,0.977733195,248.0257568,129.9927063,1.054519057,254.018219,156.0160065,1.065493464,344.0013428,174.043869,0.824994385,300.0197754,208.0096741,0.532743573,358.0111389,148.0341034,0.612134457,405.9628601,201.987793,0.952569723,495.935791,256.0219116,0.485318094,420.019989,482.0157166,0.764329493
,85,8.163233757,201.9923401,151.9834747,0.871611416,229.9835815,173.980072,0.96299684,239.9966278,126.0313263,1.04544282,245.9738007,153.9827118,1.057799459,329.9900513,173.9764557,0.805103064,298.0248718,217.9926758,0.601448178,339.9943542,142.0465393,0.545524597,390.0109558,197.9769287,0.977670193,493.9611511,253.957428,0.529152811,420.0195923,482.0177307,0.766484618
,86,8.539787292,171.9829102,149.9854126,0.928624809,200.0167084,170.0240631,0.953755915,214.0132446,124.0059891,1.082404852,218.0115204,152.0214844,1.041577101,303.9902344,169.9759369,0.929403901,287.9601135,209.9872131,0.694653988,304.006073,130.0009613,0.65735513,358.0358582,191.9943237,0.979664683,404.0377502,211.9732208,0.502662659,537.9637451,316.0289001,0.769684255
,87,8.599031448,160.0093231,148.0218964,0.81670934,195.9835052,172.053421,0.901423633,207.9753876,127.9844131,1.053315401,210.0341187,154.0145569,1.002743483,293.9761658,169.9960327,0.99423641,280.0033569,214.0175781,0.687830508,302.0189514,129.9990692,0.834891915,352.0098877,190.0007935,1.076546431,400.0249939,213.9807281,0.470206141,420.0208435,482.017334,0.761127472
,88,8.575807571,148.009201,148.0066986,0.857551634,189.9704132,176.0363007,0.932618141,201.9632416,131.9798584,1.018341184,205.9792786,157.9754333,0.99941504,287.9975281,169.9984131,0.957187057,273.9528503,211.9625854,0.547075093,295.9852905,129.9894867,0.92094928,346.0011902,186.0212097,1.08224833,450.0478821,245.9534607,0.50195384,420.0221863,482.0169373,0.758467376
,89,8.570727348,146.0152588,152.0067139,0.908028066,185.9610443,178.0091553,0.954251766,194.0298157,131.9968414,1.026802778,199.9801636,158.0134125,1.034997463,280.0169983,168.0296936,0.919115782,265.9512939,210.0012512,0.566587627,288.0029297,129.9756317,0.976053476,341.9912415,180.0421753,0.901961625,450.0216064,240,0.526790321,420.0237122,482.0131226,0.756138444
,90,8.520637512,146.0153351,152.006546,0.90803504,185.9605713,178.0092926,0.955442727,194.029892,131.9941711,1.026421785,199.9797821,158.0137329,1.034149885,280.0201111,168.0272675,0.925211251,263.9454956,211.9470825,0.525433958,287.9922791,129.9711151,0.980247438,341.9884949,180.0428619,0.887542009,400.0154114,205.9995422,0.524261296,420.0265198,482.0102539,0.753892004
,91,8.80039978,140.0085602,161.9792938,0.954141736,178.0000763,177.9890289,0.93222785,184.006897,132.0028687,1.023376226,191.9954987,158.0141907,1.092176676,276.0143127,165.9789276,0.869893789,265.9621277,205.9750366,0.690181077,285.9860535,127.9715118,0.970847726,338.0235291,177.9839783,1.012158632,421.9378357,207.9894714,0.50399226,420.0280151,482.0075989,0.751404107
,92,9.086612701,130.019928,163.991684,1.028826952,172.0157928,178.0352325,0.940975368,174.0287781,133.985321,0.950496376,184.0349121,157.9985657,1.04989779,270.010376,159.9891815,0.931202114,272.0223083,203.9940948,0.889191806,277.984436,121.9868698,0.963389993,331.983429,167.9778595,0.999236345,385.9961243,182.0036163,0.582141161,420.02948,482.0066833,0.751255333
,93,8.808296204,116.0205536,175.9859467,0.831157446,166.029541,181.9911346,0.914472342,161.9823761,136.0166779,0.996160209,177.9809418,159.9682007,1.030367494,262.0059509,155.9951324,0.936700523,267.9406433,200.0057526,0.836153269,269.9814758,116.0362625,0.971488416,323.9725952,161.9890747,0.99388665,376.0087891,172.0388336,0.53850776,420.0263062,482.0101013,0.759401917
,94,8.880113602,111.9710007,187.9790955,0.855136216,160.0408325,186.0347137,0.873675764,146.0194855,143.9960785,0.977968991,166.0266876,162.0194702,1.027682304,252.000351,153.991684,0.959976554,256.018158,199.9941254,0.864377737,253.9990997,113.9976807,1.055436373,310.0270386,158.0203857,1.038651824,376.0389709,170.0419769,0.467961758,420.0260925,482.0096741,0.759246647
,95,8.599230766,109.9913254,188.005722,0.799655676,153.9976044,191.9760437,0.892092049,141.9819183,148.0227814,0.940219164,161.9999237,167.9634552,0.968539655,242.0194702,153.9851532,0.936481237,244.0001221,197.9788513,0.801700115,247.9714508,113.9875107,0.97051245,303.9694519,157.9903717,1.089063525,356.0119934,163.9707794,0.43724364,420.0240784,482.0111084,0.763722956
,96,8.235791206,101.9837952,187.9929047,0.756487012,152.0057373,194.006485,0.74937284,138.0196533,149.9732056,0.933419943,156.0007477,170.0067902,1.000205636,235.9976807,156.0166931,0.929314613,235.9743042,198.0095673,0.700562596,238.0006561,116.024826,0.888865471,296.0041809,160.026535,1.072962165,347.9939575,162.0704956,0.414075404,492.0321655,223.9980927,0.790525138
,97,7.983739853,106.0105133,182.006897,0.626097083,146.0039673,193.9700775,0.670130014,136.0037994,150.000473,0.946377993,150.0260468,173.9979401,1.047932863,227.9932861,162.0294342,0.899537265,230.0133209,204.0147247,0.693716466,220.0032043,124.010025,0.806216836,290.0126038,167.9853516,1.005009413,349.994751,172.0070038,0.518973887,420.0213623,482.0128479,0.76974839
,98,7.920709133,102.0040283,171.9937134,0.560502648,133.9955444,196.0304871,0.730990171,135.9771576,148.0249023,0.957715869,144.0293427,175.9888306,1.069472671,222.0103455,167.989212,0.914599717,228.0025787,209.9862518,0.744479775,214.0385284,130.0241547,0.77294004,283.9993896,172.0003052,0.973599553,354.0019226,181.9700165,0.425197661,420.0215149,482.0126038,0.771211267
,99,8.24802494,95.98615265,165.9940796,0.70082587,126.0119781,193.9894104,0.822653651,132.0216064,145.9868164,0.955518901,141.9756775,173.9992371,1.086790323,217.9812469,167.9915619,0.914396763,224.0511932,211.9777679,0.671885729,210.0031433,128.0031738,0.7220909,277.9819336,170.0018158,1.047345519,395.9675293,197.9705505,0.552312136,420.020813,482.0128784,0.774205148
,100,7.94372654,95.9839859,158.0029907,0.691300809,122.0443039,190.0083923,0.461293101,131.9549255,142.0363312,1.009149551,134.0289764,171.9757843,1.081490636,210.0088501,168.0181427,0.943342209,219.9772491,212.009964,0.626418471,214.0091095,126.0218582,0.936935008,273.9832764,167.9859924,1.008824944,321.9723206,172.0194092,0.415311486,420.0227051,482.0108337,0.769660294
